reaction	linear_coefficient
rxn1	1.0
rxn2	0.009999989713370499
rxn3	0.009999989713370499
rxn4	1.0
rxn5	1.0
rxn6	1.0
rxn7	1.0
rxn8	0.00010102021240240795
EX_gluc_e	0.010001010212329015
EX_pro_e	0.010001010212329015
EX_gly_e	0.010001010212329015
EX_h_e	0.010001010212329015
EX_co2_e	0.010001010212329015
EX_pi_e	0.010001010212329015
EX_adp_c	0.010001010212329015
DM_atp_c	0.010001010212329015
